Strategy,N,WinRate,SafeRate,TailBreach,Expectancy,ProfitFactor,MaxDD,CAGR,TradesPerYear
recovered_after_rej,1133,0.2021,0.8535,0.1801,0.0122,1.421,,,
trend,156593,0.1208,0.7804,0.2775,-0.0152,0.623,,,
momentum_top,6232,0.1723,0.6361,0.4108,-0.0163,0.663,,,
high_52w,4681,0.1085,0.7639,0.2848,-0.0177,0.568,,,
high_effort_low_result,10300,0.1169,0.7553,0.3112,-0.0185,0.568,,,
breakout_day,8825,0.1368,0.7003,0.3626,-0.0192,0.584,,,
fip_proxy,10994,0.093,0.7871,0.2734,-0.0199,0.512,,,
vol_breakout,20202,0.1251,0.7184,0.3462,-0.0203,0.552,,,
aae_acceptance,862,0.0742,0.5232,0.1439,-0.0221,0.441,,,
trap,2408,0.1931,0.451,0.5872,-0.0276,0.542,,,
random,1629,0.027,0.8619,0.1835,-0.0322,0.183,,,
