bucket,events,score_mean,fwd1,fwd5,fwd10,fwd20,mae,excess
D1,253150,0.1854,0.0009,0.0066,0.0142,0.0296,-0.102,0.0055
D2,253150,0.3126,0.0012,0.0067,0.0134,0.0247,-0.0961,0.0006
D3,253150,0.3722,0.0011,0.0057,0.0117,0.023,-0.0919,-0.0012
D4,253150,0.4183,0.0011,0.0055,0.0109,0.0216,-0.0893,-0.0025
D5,253150,0.4583,0.001,0.0053,0.0108,0.0216,-0.0865,-0.0025
D6,253149,0.4958,0.001,0.0052,0.0105,0.0216,-0.0844,-0.0025
D7,253150,0.5337,0.0011,0.0055,0.011,0.0225,-0.0814,-0.0016
D8,253150,0.5745,0.0012,0.0055,0.0111,0.0226,-0.078,-0.0015
D9,253150,0.6236,0.0014,0.0063,0.0126,0.0254,-0.0736,0.0012
D10,253150,0.7086,0.0015,0.0069,0.0141,0.0287,-0.0668,0.0045
