bm_symbol,bm_date,bm_purpose,bm_desc,sm_indusrty,bm_timestamp,sm_name,sm_isin,diff,sysTime,attFileSize,attachment,intimationType,ixbrl,ixbrlFileSize,meetingType,oriiginalMeetingDate,proposedMeetingDate
DCAL,07-Oct-2026,Board Meeting Intimation,DISHMAN CARBOGEN AMCIS LIMITED has informed the Exchange about Board Meeting to be held on 07-Oct-2026 to consider and approve Fund raising/Other business.,-,02-Oct-2026 17:27:16,Dishman Carbogen Amcis Limited,INE385W01011,00:00:03,02-Oct-2026 17:27:19,14.86 KB,https://nsearchives.nseindia.com/corporate/xbrl/PRIOR_INTIMATION_15473_WebXMLFile_20261002_172714135.xml,,https://nsearchives.nseindia.com/corporate/ixbrl/PRIOR_INTIMATION_15473_20261002_172714185_WEB.html,3.35 KB,,,
DCAL,07-Oct-2026,Fund Raising/Other business matters,To consider Fund Raising and other business matters,-,02-Oct-2026 17:23:32,Dishman Carbogen Amcis Limited,INE385W01011,00:00:00,02-Oct-2026 17:23:32,650.08 KB,https://nsearchives.nseindia.com/corporate/DCAL_02102026172321_PriorIntimationOfBoardMeeting02102026.pdf,,,,,,
ELEVATE,19-Oct-2026,Financial Results,"To consider and approve the financial results for the period ended Jun 30, 2026",-,01-Oct-2026 19:42:33,Elevate Campuses Limited,INE147X01013,00:00:00,01-Oct-2026 19:42:33,173.64 KB,https://nsearchives.nseindia.com/corporate/ELEVATE_01102026194119_Prior_Intimation.pdf,,,,,,
LTF,15-Oct-2026,Board Meeting Intimation,L&T Finance Limited has informed the Exchange about Board Meeting to be held on 15-Oct-2026 to inter-alia consider and approve the Unaudited Financial results of the Company for the Quarterly ended September 2026 .,-,01-Oct-2026 19:06:24,L&T Finance Limited,INE498L01015,00:00:03,01-Oct-2026 19:06:27,14.49 KB,https://nsearchives.nseindia.com/corporate/xbrl/PRIOR_INTIMATION_5123_WebXMLFile_20261001_190622268.xml,,https://nsearchives.nseindia.com/corporate/ixbrl/PRIOR_INTIMATION_5123_20261001_190622305_WEB.html,3.23 KB,,,
LTF,15-Oct-2026,Financial Results,"To consider and approve the financial results for the period ended September 30, 2026",-,01-Oct-2026 18:52:01,L&T Finance Limited,INE498L01015,00:00:00,01-Oct-2026 18:52:01,217.47 KB,https://nsearchives.nseindia.com/corporate/ltfinance_01102026185136_NSEBSEINTIMATION.pdf,,,,,,
ATGL,22-Oct-2026,Financial Results,"To consider and approve the financial results for the period ended September 30, 2026",-,01-Oct-2026 18:40:38,Adani Total Gas Limited,INE399L01023,00:00:00,01-Oct-2026 18:40:38,200.77 KB,https://nsearchives.nseindia.com/corporate/ATGL2024_01102026184017_ATGL_SE_Intimation_01102026.pdf,,,,,,
ATGL,22-Oct-2026,Board Meeting Intimation,Adani Total Gas Limited has informed the Exchange about Board Meeting to be held on 22-Oct-2026 to inter-alia consider and approve the Unaudited Financial results of the Company for the Half Yearly ended September 2026 .,-,01-Oct-2026 18:35:53,Adani Total Gas Limited,INE399L01023,00:00:03,01-Oct-2026 18:35:56,14.50 KB,https://nsearchives.nseindia.com/corporate/xbrl/PRIOR_INTIMATION_16864_WebXMLFile_20261001_183551644.xml,,https://nsearchives.nseindia.com/corporate/ixbrl/PRIOR_INTIMATION_16864_20261001_183551683_WEB.html,3.24 KB,,,
DMART,10-Oct-2026,Board Meeting Intimation,AVENUE SUPERMARTS LIMITED has informed the Exchange about Board Meeting to be held on 10-Oct-2026 to inter-alia consider and approve the Unaudited Financial results of the Company for the Half Yearly ended September 2026 .,-,01-Oct-2026 18:27:46,Avenue Supermarts Limited,INE192R01011,00:00:03,01-Oct-2026 18:27:49,14.50 KB,https://nsearchives.nseindia.com/corporate/xbrl/PRIOR_INTIMATION_14711_WebXMLFile_20261001_182744493.xml,,https://nsearchives.nseindia.com/corporate/ixbrl/PRIOR_INTIMATION_14711_20261001_182744529_WEB.html,3.24 KB,,,
HINDCOMPOS,12-Oct-2026,Board Meeting Intimation,HINDUSTAN COMPOSITES LIMITED has informed the Exchange about Board Meeting to be held on 12-Oct-2026 to consider Dividend.,Auto Ancillaries,01-Oct-2026 18:26:04,Hindustan Composites Limited,INE310C01011,00:00:03,01-Oct-2026 18:26:07,14.07 KB,https://nsearchives.nseindia.com/corporate/xbrl/PRIOR_INTIMATION_844_WebXMLFile_20261001_182600518.xml,,https://nsearchives.nseindia.com/corporate/ixbrl/PRIOR_INTIMATION_844_20261001_182600553_WEB.html,2.84 KB,,,
DMART,10-Oct-2026,Financial Results,"To consider and approve the financial results for the period ended September 30, 2026",-,01-Oct-2026 18:25:14,Avenue Supermarts Limited,INE192R01011,00:00:00,01-Oct-2026 18:25:14,287.10 KB,https://nsearchives.nseindia.com/corporate/DMART_01102026181954_NoticeofBoardMeetingSep2026.pdf,,,,,,
HINDCOMPOS,12-Oct-2026,Dividend,"To consider and approve the proposal of declaration and payment of Special Interim Dividend, to the shareholders of the Company, for the Financial Year 2026-27",Auto Ancillaries,01-Oct-2026 18:24:36,Hindustan Composites Limited,INE310C01011,00:00:00,01-Oct-2026 18:24:36,210.26 KB,https://nsearchives.nseindia.com/corporate/HINDCOMPOS_01102026182340_HCLReg29intimationofBM01102026.pdf,,,,,,
SWARAJENG,12-Oct-2026,Board Meeting Intimation,SWARAJ ENGINES LIMITED has informed the Exchange about Board Meeting to be held on 12-Oct-2026 to inter-alia consider and approve the Unaudited Financial results of the Company for the Quarterly ended September 2026 .,Diesel Engines,01-Oct-2026 17:34:21,Swaraj Engines Limited,INE277A01016,00:00:03,01-Oct-2026 17:34:24,14.58 KB,https://nsearchives.nseindia.com/corporate/xbrl/PRIOR_INTIMATION_1301_WebXMLFile_20261001_173419190.xml,,https://nsearchives.nseindia.com/corporate/ixbrl/PRIOR_INTIMATION_1301_20261001_173419242_WEB.html,3.32 KB,,,
TIL,08-Oct-2026,Board Meeting Intimation,TIL LIMITED has informed the Exchange about Board Meeting to be held on 08-Oct-2026 to consider Alteration of form or nature or rights of securities.,Engineering,01-Oct-2026 17:29:54,TIL Limited,INE806C01018,00:00:02,01-Oct-2026 17:29:56,13.86 KB,https://nsearchives.nseindia.com/corporate/xbrl/PRIOR_INTIMATION_480_WebXMLFile_20261001_172952088.xml,,https://nsearchives.nseindia.com/corporate/ixbrl/PRIOR_INTIMATION_480_20261001_172952137_WEB.html,2.67 KB,,,
SWARAJENG,12-Oct-2026,Financial Results,"Pursuant to Regulation 29(1)(a) of the Securities and Exchange Board of India (Listing Obligations and Disclosure Requirements) Regulations, 2015, we hereby inform that the Meeting of the Board of Directors of Swaraj Engines Limited will be held on 12th October, 2026 (Monday), to inter alia, consider and approve the Unaudited Financial Results of the Company for the second quarter and half year ended on 30th September, 2026.",Diesel Engines,01-Oct-2026 17:27:58,Swaraj Engines Limited,INE277A01016,00:00:00,01-Oct-2026 17:27:58,3.14 MB,https://nsearchives.nseindia.com/corporate/SWARAJENG_01102026172641_SELBoardMeetingIntimation12102026.pdf,,,,,,
TIL,08-Oct-2026,Alteration of form or nature or rights of securities,To consider alteration of form or nature or rights of securities,Engineering,01-Oct-2026 17:27:25,TIL Limited,INE806C01018,00:00:00,01-Oct-2026 17:27:25,643.33 KB,https://nsearchives.nseindia.com/corporate/TIL_01102026172639_IntimationofMeeting08102026.pdf,,,,,,
SMARTWORKS,30-Oct-2026,Board Meeting Intimation,Smartworks Coworking Spaces Limited has informed the Exchange about Board Meeting to be held on 30-Oct-2026 to inter-alia consider and approve the Unaudited Financial results of the Company for the Half Yearly ended September 2026 .,-,01-Oct-2026 17:25:44,Smartworks Coworking Spaces Limited,INE0NAZ01010,00:00:03,01-Oct-2026 17:25:47,14.55 KB,https://nsearchives.nseindia.com/corporate/xbrl/PRIOR_INTIMATION_24273_WebXMLFile_20261001_172542515.xml,,https://nsearchives.nseindia.com/corporate/ixbrl/PRIOR_INTIMATION_24273_20261001_172542553_WEB.html,3.29 KB,,,
TIL,03-Oct-2026,Board Meeting Intimation,TIL LIMITED has informed the Exchange about Board Meeting to be held on 03-Oct-2026 to consider Alteration of form or nature or rights of securities.,Engineering,01-Oct-2026 17:24:39,TIL Limited,INE806C01018,00:00:04,01-Oct-2026 17:24:43,14.00 KB,https://nsearchives.nseindia.com/corporate/xbrl/PRIOR_INTIMATION_480_WebXMLFile_20261001_172437822.xml,,https://nsearchives.nseindia.com/corporate/ixbrl/PRIOR_INTIMATION_480_20261001_172437860_WEB.html,2.82 KB,,,
SMARTWORKS,30-Oct-2026,Financial Results,"to consider and approve the Un-Audited Financial Results (Standalone and Consolidated) for the quarter and half year ended September 30, 2026, along with the Limited Review Reports thereon.",-,01-Oct-2026 17:21:09,Smartworks Coworking Spaces Limited,INE0NAZ01010,00:00:00,01-Oct-2026 17:21:09,422.57 KB,https://nsearchives.nseindia.com/corporate/SMARTWORKS_01102026170801_Prior_Intimation_of_BM.pdf,,,,,,
SUMICHEM,26-Oct-2026,Board Meeting Intimation,SUMITOMO CHEMICAL INDIA LIMITED has informed the Exchange about Board Meeting to be held on 26-Oct-2026 to inter-alia consider and approve the Unaudited Financial results of the Company for the Half Yearly ended September 2026 .,-,01-Oct-2026 17:05:29,Sumitomo Chemical India Limited,INE258G01013,00:00:04,01-Oct-2026 17:05:33,14.51 KB,https://nsearchives.nseindia.com/corporate/xbrl/PRIOR_INTIMATION_17682_WebXMLFile_20261001_170527768.xml,,https://nsearchives.nseindia.com/corporate/ixbrl/PRIOR_INTIMATION_17682_20261001_170527823_WEB.html,3.25 KB,,,
DIL,14-Oct-2026,Financial Results/Other business matters,"To consider and approve the financial results for the period ended September 30, 2026 and other business matters",-,01-Oct-2026 15:57:24,Debock Industries Limited,INE411Y01011,00:00:00,01-Oct-2026 15:57:24,425.56 KB,https://nsearchives.nseindia.com/corporate/DSML_01102026155538_intimation.pdf,,,,,,
