Symbol,Company,Industry,Index
360ONE,360 ONE WAM Ltd.,Financial Services,TOTAL_MARKET
ABB,ABB India Ltd.,Capital Goods,TOTAL_MARKET
ACC,ACC Ltd.,Construction Materials,TOTAL_MARKET
ACMESOLAR,ACME Solar Holdings Ltd.,Power,TOTAL_MARKET
AIAENG,AIA Engineering Ltd.,Capital Goods,TOTAL_MARKET
APLAPOLLO,APL Apollo Tubes Ltd.,Capital Goods,TOTAL_MARKET
AUBANK,AU Small Finance Bank Ltd.,Financial Services,TOTAL_MARKET
AWL,AWL Agri Business Ltd.,Fast Moving Consumer Goods,TOTAL_MARKET
AXISCADES,AXISCADES Technologies Ltd.,Capital Goods,TOTAL_MARKET
AADHARHFC,Aadhar Housing Finance Ltd.,Financial Services,TOTAL_MARKET
AARTIIND,Aarti Industries Ltd.,Chemicals,TOTAL_MARKET
AARTIPHARM,Aarti Pharmalabs Ltd.,Healthcare,TOTAL_MARKET
AAVAS,Aavas Financiers Ltd.,Financial Services,TOTAL_MARKET
ABBOTINDIA,Abbott India Ltd.,Healthcare,TOTAL_MARKET
ACE,Action Construction Equipment Ltd.,Capital Goods,TOTAL_MARKET
ACUTAAS,Acutaas Chemicals Ltd.,Healthcare,TOTAL_MARKET
ADANIENSOL,Adani Energy Solutions Ltd.,Power,TOTAL_MARKET
ADANIENT,Adani Enterprises Ltd.,Metals & Mining,TOTAL_MARKET
ADANIGREEN,Adani Green Energy Ltd.,Power,TOTAL_MARKET
ADANIPORTS,Adani Ports and Special Economic Zone Ltd.,Services,TOTAL_MARKET
ADANIPOWER,Adani Power Ltd.,Power,TOTAL_MARKET
ATGL,Adani Total Gas Ltd.,Oil Gas & Consumable Fuels,TOTAL_MARKET
ABCAPITAL,Aditya Birla Capital Ltd.,Financial Services,TOTAL_MARKET
ABFRL,Aditya Birla Fashion and Retail Ltd.,Consumer Services,TOTAL_MARKET
ABLBL,Aditya Birla Lifestyle Brands Ltd.,Consumer Services,TOTAL_MARKET
ABREL,Aditya Birla Real Estate Ltd.,Realty,TOTAL_MARKET
ABSLAMC,Aditya Birla Sun Life AMC Ltd.,Financial Services,TOTAL_MARKET
CPPLUS,Aditya Infotech Ltd.,Capital Goods,TOTAL_MARKET
AVL,Aditya Vision Ltd.,Consumer Services,TOTAL_MARKET
ADVENZYMES,Advanced Enzyme Tech Ltd.,Healthcare,TOTAL_MARKET
AEGISLOG,Aegis Logistics Ltd.,Oil Gas & Consumable Fuels,TOTAL_MARKET
AEGISVOPAK,Aegis Vopak Terminals Ltd.,Oil Gas & Consumable Fuels,TOTAL_MARKET
AEQUS,Aequs Ltd.,Capital Goods,TOTAL_MARKET
AEROFLEX,Aeroflex Industries Ltd.,Capital Goods,TOTAL_MARKET
AETHER,Aether Industries Ltd.,Chemicals,TOTAL_MARKET
AFCONS,Afcons Infrastructure Ltd.,Construction,TOTAL_MARKET
AFFLE,Affle 3i Ltd.,Information Technology,TOTAL_MARKET
AJANTPHARM,Ajanta Pharmaceuticals Ltd.,Healthcare,TOTAL_MARKET
AKUMS,Akums Drugs and Pharmaceuticals Ltd.,Healthcare,TOTAL_MARKET
ALKEM,Alkem Laboratories Ltd.,Healthcare,TOTAL_MARKET
ALKYLAMINE,Alkyl Amines Chemicals Ltd.,Chemicals,TOTAL_MARKET
ABDL,Allied Blenders and Distillers Ltd.,Fast Moving Consumer Goods,TOTAL_MARKET
AMAGI,Amagi Media Labs Ltd.,Information Technology,TOTAL_MARKET
ARE&M,Amara Raja Energy & Mobility Ltd.,Automobile and Auto Components,TOTAL_MARKET
AMBER,Amber Enterprises India Ltd.,Consumer Durables,TOTAL_MARKET
AMBUJACEM,Ambuja Cements Ltd.,Construction Materials,TOTAL_MARKET
ANANDRATHI,Anand Rathi Wealth Ltd.,Financial Services,TOTAL_MARKET
ANANTRAJ,Anant Raj Ltd.,Realty,TOTAL_MARKET
ANGELONE,Angel One Ltd.,Financial Services,TOTAL_MARKET
ANTHEM,Anthem Biosciences Ltd.,Healthcare,TOTAL_MARKET
ANURAS,Anupam Rasayan India Ltd.,Chemicals,TOTAL_MARKET
APARINDS,Apar Industries Ltd.,Capital Goods,TOTAL_MARKET
APOLLOHOSP,Apollo Hospitals Enterprise Ltd.,Healthcare,TOTAL_MARKET
APOLLO,Apollo Micro Systems Ltd.,Capital Goods,TOTAL_MARKET
APOLLOTYRE,Apollo Tyres Ltd.,Automobile and Auto Components,TOTAL_MARKET
APTUS,Aptus Value Housing Finance India Ltd.,Financial Services,TOTAL_MARKET
ACI,Archean Chemical Industries Ltd.,Chemicals,TOTAL_MARKET
ARVINDFASN,Arvind Fashions Ltd.,Consumer Services,TOTAL_MARKET
ARVIND,Arvind Ltd.,Textiles,TOTAL_MARKET
ASAHIINDIA,Asahi India Glass Ltd.,Automobile and Auto Components,TOTAL_MARKET
ASHAPURMIN,Ashapura Minechem Ltd.,Metals & Mining,TOTAL_MARKET
ASHOKLEY,Ashok Leyland Ltd.,Capital Goods,TOTAL_MARKET
ASHOKA,Ashoka Buildcon Ltd.,Construction,TOTAL_MARKET
ASIANPAINT,Asian Paints Ltd.,Consumer Durables,TOTAL_MARKET
ASTERDM,Aster DM Quality Care Ltd.,Healthcare,TOTAL_MARKET
ASTRAMICRO,Astra Microwave Products Ltd.,Capital Goods,TOTAL_MARKET
ASTRAL,Astral Ltd.,Capital Goods,TOTAL_MARKET
ATHERENERG,Ather Energy Ltd.,Automobile and Auto Components,TOTAL_MARKET
ATLANTAELE,Atlanta Electricals Ltd.,Capital Goods,TOTAL_MARKET
ATUL,Atul Ltd.,Chemicals,TOTAL_MARKET
AURIONPRO,Aurionpro Solution Ltd.,Information Technology,TOTAL_MARKET
AUROPHARMA,Aurobindo Pharma Ltd.,Healthcare,TOTAL_MARKET
AIIL,Authum Investment & Infrastructure Ltd.,Financial Services,TOTAL_MARKET
AVALON,Avalon Technologies Ltd.,Capital Goods,TOTAL_MARKET
AVANTIFEED,Avanti Feeds Ltd.,Fast Moving Consumer Goods,TOTAL_MARKET
DMART,Avenue Supermarts Ltd.,Consumer Services,TOTAL_MARKET
CCAVENUE,AvenuesAI Ltd.,Financial Services,TOTAL_MARKET
AXISBANK,Axis Bank Ltd.,Financial Services,TOTAL_MARKET
AZAD,Azad Engineering Ltd.,Capital Goods,TOTAL_MARKET
BEML,BEML Ltd.,Capital Goods,TOTAL_MARKET
BLS,BLS International Services Ltd.,Consumer Services,TOTAL_MARKET
BSE,BSE Ltd.,Financial Services,TOTAL_MARKET
BAGMANE,Bagmane Prime Office REIT,Realty,TOTAL_MARKET
BAJAJ-AUTO,Bajaj Auto Ltd.,Automobile and Auto Components,TOTAL_MARKET
BAJAJCON,Bajaj Consumer Care Ltd.,Fast Moving Consumer Goods,TOTAL_MARKET
BAJFINANCE,Bajaj Finance Ltd.,Financial Services,TOTAL_MARKET
BAJAJFINSV,Bajaj Finserv Ltd.,Financial Services,TOTAL_MARKET
BAJAJHLDNG,Bajaj Holdings & Investment Ltd.,Financial Services,TOTAL_MARKET
BAJAJHFL,Bajaj Housing Finance Ltd.,Financial Services,TOTAL_MARKET
BALAMINES,Balaji Amines Ltd.,Chemicals,TOTAL_MARKET
BALKRISIND,Balkrishna Industries Ltd.,Automobile and Auto Components,TOTAL_MARKET
BALRAMCHIN,Balrampur Chini Mills Ltd.,Fast Moving Consumer Goods,TOTAL_MARKET
BALUFORGE,Balu Forge Industries Ltd.,Capital Goods,TOTAL_MARKET
BANCOINDIA,Banco Products (India) Ltd.,Automobile and Auto Components,TOTAL_MARKET
BANDHANBNK,Bandhan Bank Ltd.,Financial Services,TOTAL_MARKET
BANKBARODA,Bank of Baroda,Financial Services,TOTAL_MARKET
BANKINDIA,Bank of India,Financial Services,TOTAL_MARKET
MAHABANK,Bank of Maharashtra,Financial Services,TOTAL_MARKET
BATAINDIA,Bata India Ltd.,Consumer Durables,TOTAL_MARKET
BELRISE,Belrise Industries Ltd.,Automobile and Auto Components,TOTAL_MARKET
BERGEPAINT,Berger Paints India Ltd.,Consumer Durables,TOTAL_MARKET
BHARATCOAL,Bharat Coking Coal Ltd.,Oil Gas & Consumable Fuels,TOTAL_MARKET
BDL,Bharat Dynamics Ltd.,Capital Goods,TOTAL_MARKET
BEL,Bharat Electronics Ltd.,Capital Goods,TOTAL_MARKET
BHARATFORG,Bharat Forge Ltd.,Automobile and Auto Components,TOTAL_MARKET
BHEL,Bharat Heavy Electricals Ltd.,Capital Goods,TOTAL_MARKET
BPCL,Bharat Petroleum Corporation Ltd.,Oil Gas & Consumable Fuels,TOTAL_MARKET
BHARTIARTL,Bharti Airtel Ltd.,Telecommunication,TOTAL_MARKET
BHARTIHEXA,Bharti Hexacom Ltd.,Telecommunication,TOTAL_MARKET
GROWW,Billionbrains Garage Ventures Ltd.,Financial Services,TOTAL_MARKET
BIOCON,Biocon Ltd.,Healthcare,TOTAL_MARKET
BIRLACORPN,Birla Corporation Ltd.,Construction Materials,TOTAL_MARKET
BSOFT,Birlasoft Ltd.,Information Technology,TOTAL_MARKET
BBOX,Black Box Ltd.,Information Technology,TOTAL_MARKET
BLACKBUCK,Blackbuck Ltd.,Services,TOTAL_MARKET
BLUEJET,Blue Jet Healthcare Ltd.,Healthcare,TOTAL_MARKET
BLUESTARCO,Blue Star Ltd.,Consumer Durables,TOTAL_MARKET
BLUESTONE,BlueStone Jewellery and Lifestyle Ltd.,Consumer Durables,TOTAL_MARKET
BORORENEW,Borosil Renewables Ltd.,Capital Goods,TOTAL_MARKET
BOSCHLTD,Bosch Ltd.,Automobile and Auto Components,TOTAL_MARKET
FIRSTCRY,Brainbees Solutions Ltd.,Consumer Services,TOTAL_MARKET
BRIGADE,Brigade Enterprises Ltd.,Realty,TOTAL_MARKET
BRITANNIA,Britannia Industries Ltd.,Fast Moving Consumer Goods,TOTAL_MARKET
BIRET,Brookfield India Real Estate Trust,Realty,TOTAL_MARKET
MAPMYINDIA,C.E. Info Systems Ltd.,Information Technology,TOTAL_MARKET
CCL,CCL Products (I) Ltd.,Fast Moving Consumer Goods,TOTAL_MARKET
CESC,CESC Ltd.,Power,TOTAL_MARKET
CGPOWER,CG Power and Industrial Solutions Ltd.,Capital Goods,TOTAL_MARKET
CIEINDIA,CIE Automotive India Ltd.,Automobile and Auto Components,TOTAL_MARKET
CMRGREEN,CMR Green Technologies Ltd.,Capital Goods,TOTAL_MARKET
CMSINFO,CMS Info Systems Ltd.,Services,TOTAL_MARKET
CRISIL,CRISIL Ltd.,Financial Services,TOTAL_MARKET
CSBBANK,CSB Bank Ltd.,Financial Services,TOTAL_MARKET
CAMPUS,Campus Activewear Ltd.,Consumer Durables,TOTAL_MARKET
CANFINHOME,Can Fin Homes Ltd.,Financial Services,TOTAL_MARKET
CANBK,Canara Bank,Financial Services,TOTAL_MARKET
CANHLIFE,Canara HSBC Life Insurance Company Ltd.,Financial Services,TOTAL_MARKET
CRAMC,Canara Robeco Asset Management Company Ltd.,Financial Services,TOTAL_MARKET
CAPILLARY,Capillary Technologies India Ltd.,Information Technology,TOTAL_MARKET
CAPLIPOINT,Caplin Point Laboratories Ltd.,Healthcare,TOTAL_MARKET
CGCL,Capri Global Capital Ltd.,Financial Services,TOTAL_MARKET
CARBORUNIV,Carborundum Universal Ltd.,Capital Goods,TOTAL_MARKET
CARTRADE,Cartrade Tech Ltd.,Consumer Services,TOTAL_MARKET
CASTROLIND,Castrol India Ltd.,Oil Gas & Consumable Fuels,TOTAL_MARKET
CEATLTD,Ceat Ltd.,Automobile and Auto Components,TOTAL_MARKET
CEIGALL,Ceigall India Ltd.,Construction,TOTAL_MARKET
CELLO,Cello World Ltd.,Consumer Durables,TOTAL_MARKET
CEMPRO,Cemindia Projects Ltd.,Construction,TOTAL_MARKET
CENTRALBK,Central Bank of India,Financial Services,TOTAL_MARKET
CDSL,Central Depository Services (India) Ltd.,Financial Services,TOTAL_MARKET
CMPDI,Central Mine Planning & Design Institute Ltd.,Services,TOTAL_MARKET
CENTUM,Centum Electronics Ltd.,Capital Goods,TOTAL_MARKET
CERA,Cera Sanitaryware Ltd,Consumer Durables,TOTAL_MARKET
CHALET,Chalet Hotels Ltd.,Consumer Services,TOTAL_MARKET
CHAMBLFERT,Chambal Fertilizers & Chemicals Ltd.,Chemicals,TOTAL_MARKET
CHENNPETRO,Chennai Petroleum Corporation Ltd.,Oil Gas & Consumable Fuels,TOTAL_MARKET
CHOICEIN,Choice International Ltd.,Financial Services,TOTAL_MARKET
CHOLAHLDNG,Cholamandalam Financial Holdings Ltd.,Financial Services,TOTAL_MARKET
CHOLAFIN,Cholamandalam Investment and Finance Company Ltd.,Financial Services,TOTAL_MARKET
CIPLA,Cipla Ltd.,Healthcare,TOTAL_MARKET
CUB,City Union Bank Ltd.,Financial Services,TOTAL_MARKET
CLEANMAX,Clean Max Enviro Energy Solutions Ltd.,Power,TOTAL_MARKET
CLEAN,Clean Science and Technology Ltd.,Chemicals,TOTAL_MARKET
COALINDIA,Coal India Ltd.,Oil Gas & Consumable Fuels,TOTAL_MARKET
COCHINSHIP,Cochin Shipyard Ltd.,Capital Goods,TOTAL_MARKET
COFORGE,Coforge Ltd.,Information Technology,TOTAL_MARKET
COHANCE,Cohance Lifesciences Ltd.,Healthcare,TOTAL_MARKET
COLPAL,Colgate Palmolive (India) Ltd.,Fast Moving Consumer Goods,TOTAL_MARKET
CAMS,Computer Age Management Services Ltd.,Financial Services,TOTAL_MARKET
CONCORDBIO,Concord Biotech Ltd.,Healthcare,TOTAL_MARKET
CONCOR,Container Corporation of India Ltd.,Services,TOTAL_MARKET
COROMANDEL,Coromandel International Ltd.,Chemicals,TOTAL_MARKET
CRAFTSMAN,Craftsman Automation Ltd.,Automobile and Auto Components,TOTAL_MARKET
CREDITACC,CreditAccess Grameen Ltd.,Financial Services,TOTAL_MARKET
CROMPTON,Crompton Greaves Consumer Electricals Ltd.,Consumer Durables,TOTAL_MARKET
CUMMINSIND,Cummins India Ltd.,Capital Goods,TOTAL_MARKET
CUPID,Cupid Ltd.,Fast Moving Consumer Goods,TOTAL_MARKET
CYIENT,Cyient Ltd.,Information Technology,TOTAL_MARKET
DCBBANK,DCB Bank Ltd.,Financial Services,TOTAL_MARKET
DLF,DLF Ltd.,Realty,TOTAL_MARKET
DOMS,DOMS Industries Ltd.,Fast Moving Consumer Goods,TOTAL_MARKET
DABUR,Dabur India Ltd.,Fast Moving Consumer Goods,TOTAL_MARKET
DALBHARAT,Dalmia Bharat Ltd.,Construction Materials,TOTAL_MARKET
DATAPATTNS,Data Patterns (India) Ltd.,Capital Goods,TOTAL_MARKET
DATAMATICS,Datamatics Global Services Ltd.,Information Technology,TOTAL_MARKET
DEEPAKFERT,Deepak Fertilisers & Petrochemicals Corp. Ltd.,Chemicals,TOTAL_MARKET
DEEPAKNTR,Deepak Nitrite Ltd.,Chemicals,TOTAL_MARKET
DELHIVERY,Delhivery Ltd.,Services,TOTAL_MARKET
DEVYANI,Devyani International Ltd.,Consumer Services,TOTAL_MARKET
DIACABS,Diamond Power Infrastructure Ltd.,Capital Goods,TOTAL_MARKET
DBL,Dilip Buildcon Ltd.,Construction,TOTAL_MARKET
DIVISLAB,Divi's Laboratories Ltd.,Healthcare,TOTAL_MARKET
DIXON,Dixon Technologies (India) Ltd.,Consumer Durables,TOTAL_MARKET
LALPATHLAB,Dr. Lal Path Labs Ltd.,Healthcare,TOTAL_MARKET
DRREDDY,Dr. Reddy's Laboratories Ltd.,Healthcare,TOTAL_MARKET
DUMMYHEG,Dummy HEG Ltd.,Capital Goods,TOTAL_MARKET
DUMMYINGL1,Dummy India Glycols ltd. 1,Healthcare,TOTAL_MARKET
DUMMYINGL2,Dummy India Glycols ltd. 2,Fast Moving Consumer Goods,TOTAL_MARKET
DUMMYINXGN,Dummy Inox Green Ltd.,Construction,TOTAL_MARKET
DUMMYTRVN,Dummy Triveni Ltd.,Capital Goods,TOTAL_MARKET
DYNAMATECH,Dynamatic Technologies Ltd.,Capital Goods,TOTAL_MARKET
EIDPARRY,E.I.D. Parry (India) Ltd.,Fast Moving Consumer Goods,TOTAL_MARKET
E2E,E2E NETWORKS Ltd.,Information Technology,TOTAL_MARKET
EIHOTEL,EIH Ltd.,Consumer Services,TOTAL_MARKET
EMBASSY,EMBASSY OFFICE PARKS REIT,Realty,TOTAL_MARKET
EPL,EPL Ltd.,Capital Goods,TOTAL_MARKET
EDELWEISS,Edelweiss Financial Services Ltd.,Financial Services,TOTAL_MARKET
EICHERMOT,Eicher Motors Ltd.,Automobile and Auto Components,TOTAL_MARKET
ELECON,Elecon Engineering Co. Ltd.,Capital Goods,TOTAL_MARKET
EMIL,Electronics Mart India Ltd.,Consumer Services,TOTAL_MARKET
ELECTCAST,Electrosteel Castings Ltd.,Capital Goods,TOTAL_MARKET
ELGIEQUIP,Elgi Equipments Ltd.,Capital Goods,TOTAL_MARKET
ELLEN,Ellenbarrie Industrial Gases Ltd.,Chemicals,TOTAL_MARKET
EMAMILTD,Emami Ltd.,Fast Moving Consumer Goods,TOTAL_MARKET
EMBDL,Embassy Developments Ltd.,Realty,TOTAL_MARKET
EMCURE,Emcure Pharmaceuticals Ltd.,Healthcare,TOTAL_MARKET
EMMVEE,Emmvee Photovoltaic Power Ltd.,Capital Goods,TOTAL_MARKET
ENDURANCE,Endurance Technologies Ltd.,Automobile and Auto Components,TOTAL_MARKET
ENGINERSIN,Engineers India Ltd.,Construction,TOTAL_MARKET
ENTERO,Entero Healthcare Solutions Ltd.,Consumer Services,TOTAL_MARKET
EIEL,Enviro Infra Engineers Ltd.,Utilities,TOTAL_MARKET
EQUITASBNK,Equitas Small Finance Bank Ltd.,Financial Services,TOTAL_MARKET
ERIS,Eris Lifesciences Ltd.,Healthcare,TOTAL_MARKET
ESCORTS,Escorts Kubota Ltd.,Capital Goods,TOTAL_MARKET
ETERNAL,Eternal Ltd.,Consumer Services,TOTAL_MARKET
EXIDEIND,Exide Industries Ltd.,Automobile and Auto Components,TOTAL_MARKET
NYKAA,FSN E-Commerce Ventures Ltd.,Consumer Services,TOTAL_MARKET
FEDFINA,Fedbank Financial Services Ltd.,Financial Services,TOTAL_MARKET
FEDERALBNK,Federal Bank Ltd.,Financial Services,TOTAL_MARKET
FACT,Fertilisers and Chemicals Travancore Ltd.,Chemicals,TOTAL_MARKET
FIEMIND,Fiem Industries Ltd,Automobile and Auto Components,TOTAL_MARKET
FINCABLES,Finolex Cables Ltd.,Capital Goods,TOTAL_MARKET
FINPIPE,Finolex Industries Ltd.,Capital Goods,TOTAL_MARKET
FSL,Firstsource Solutions Ltd.,Services,TOTAL_MARKET
FIVESTAR,Five-Star Business Finance Ltd.,Financial Services,TOTAL_MARKET
FORCEMOT,Force Motors Ltd.,Automobile and Auto Components,TOTAL_MARKET
FORTIS,Fortis Healthcare Ltd.,Healthcare,TOTAL_MARKET
FRACTAL,Fractal Analytics Ltd.,Information Technology,TOTAL_MARKET
UTLSOLAR,Fujiyama Power Systems Ltd.,Capital Goods,TOTAL_MARKET
GAIL,GAIL (India) Ltd.,Oil Gas & Consumable Fuels,TOTAL_MARKET
GVT&D,GE Vernova T&D India Ltd.,Capital Goods,TOTAL_MARKET
GMRAIRPORT,GMR Airports Ltd.,Services,TOTAL_MARKET
GMRP&UI,GMR Power and Urban Infra Ltd.,Power,TOTAL_MARKET
EBGNG,GNG Electronics Ltd.,Information Technology,TOTAL_MARKET
GABRIEL,Gabriel India Ltd.,Automobile and Auto Components,TOTAL_MARKET
GALLANTT,Gallantt Ispat Ltd.,Capital Goods,TOTAL_MARKET
GRSE,Garden Reach Shipbuilders & Engineers Ltd.,Capital Goods,TOTAL_MARKET
GRWRHITECH,Garware Hi-Tech Films Ltd.,Capital Goods,TOTAL_MARKET
GICRE,General Insurance Corporation of India,Financial Services,TOTAL_MARKET
GENUSPOWER,Genus Power Infrastructures Ltd.,Capital Goods,TOTAL_MARKET
GILLETTE,Gillette India Ltd.,Fast Moving Consumer Goods,TOTAL_MARKET
GLAND,Gland Pharma Ltd.,Healthcare,TOTAL_MARKET
GLAXO,Glaxosmithkline Pharmaceuticals Ltd.,Healthcare,TOTAL_MARKET
GLENMARK,Glenmark Pharmaceuticals Ltd.,Healthcare,TOTAL_MARKET
MEDANTA,Global Health Ltd.,Healthcare,TOTAL_MARKET
GPIL,Godawari Power & Ispat Ltd.,Capital Goods,TOTAL_MARKET
GODFRYPHLP,Godfrey Phillips India Ltd.,Fast Moving Consumer Goods,TOTAL_MARKET
GODREJAGRO,Godrej Agrovet Ltd.,Fast Moving Consumer Goods,TOTAL_MARKET
GODREJCP,Godrej Consumer Products Ltd.,Fast Moving Consumer Goods,TOTAL_MARKET
GODREJIND,Godrej Industries Ltd.,Diversified,TOTAL_MARKET
GODREJPROP,Godrej Properties Ltd.,Realty,TOTAL_MARKET
GOKEX,Gokaldas Exports Ltd.,Textiles,TOTAL_MARKET
GOKULAGRO,Gokul Agro Resources Ltd.,Fast Moving Consumer Goods,TOTAL_MARKET
GOLDIAM,Goldiam International Ltd.,Consumer Durables,TOTAL_MARKET
GRANULES,Granules India Ltd.,Healthcare,TOTAL_MARKET
GRAPHITE,Graphite India Ltd.,Capital Goods,TOTAL_MARKET
GRASIM,Grasim Industries Ltd.,Construction Materials,TOTAL_MARKET
GRAVITA,Gravita India Ltd.,Metals & Mining,TOTAL_MARKET
GESHIP,Great Eastern Shipping Co. Ltd.,Services,TOTAL_MARKET
GREAVESCOT,Greaves Cotton Ltd.,Capital Goods,TOTAL_MARKET
GRINDWELL,Grindwell Norton Ltd.,Capital Goods,TOTAL_MARKET
GUJALKALI,Gujarat Alkalies & Chemicals Ltd.,Chemicals,TOTAL_MARKET
GAEL,Gujarat Ambuja Exports Ltd.,Fast Moving Consumer Goods,TOTAL_MARKET
FLUOROCHEM,Gujarat Fluorochemicals Ltd.,Chemicals,TOTAL_MARKET
GMDCLTD,Gujarat Mineral Development Corporation Ltd.,Metals & Mining,TOTAL_MARKET
GNFC,Gujarat Narmada Valley Fertilizers and Chemicals Ltd.,Chemicals,TOTAL_MARKET
GPPL,Gujarat Pipavav Port Ltd.,Services,TOTAL_MARKET
GSFC,Gujarat State Fertilizers & Chemicals Ltd.,Chemicals,TOTAL_MARKET
HGINFRA,H.G. Infra Engineering Ltd.,Construction,TOTAL_MARKET
HBLENGINE,HBL Engineering Ltd.,Capital Goods,TOTAL_MARKET
HCLTECH,HCL Technologies Ltd.,Information Technology,TOTAL_MARKET
HDBFS,HDB Financial Services Ltd.,Financial Services,TOTAL_MARKET
HDFCAMC,HDFC Asset Management Company Ltd.,Financial Services,TOTAL_MARKET
HDFCBANK,HDFC Bank Ltd.,Financial Services,TOTAL_MARKET
HDFCLIFE,HDFC Life Insurance Company Ltd.,Financial Services,TOTAL_MARKET
HEGAM,HEG Advanced Materials Ltd.,Capital Goods,TOTAL_MARKET
HFCL,HFCL Ltd.,Telecommunication,TOTAL_MARKET
HAPPSTMNDS,Happiest Minds Technologies Ltd.,Information Technology,TOTAL_MARKET
HAPPYFORGE,Happy Forgings Ltd.,Capital Goods,TOTAL_MARKET
HAVELLS,Havells India Ltd.,Consumer Durables,TOTAL_MARKET
HCG,Healthcare Global Enterprises Ltd.,Healthcare,TOTAL_MARKET
HERITGFOOD,Heritage Foods Ltd.,Fast Moving Consumer Goods,TOTAL_MARKET
HEROMOTOCO,Hero MotoCorp Ltd.,Automobile and Auto Components,TOTAL_MARKET
HEXT,Hexaware Technologies Ltd.,Information Technology,TOTAL_MARKET
HSCL,Himadri Speciality Chemical Ltd.,Chemicals,TOTAL_MARKET
HINDALCO,Hindalco Industries Ltd.,Metals & Mining,TOTAL_MARKET
HAL,Hindustan Aeronautics Ltd.,Capital Goods,TOTAL_MARKET
HCC,Hindustan Construction Co. Ltd.,Construction,TOTAL_MARKET
HINDCOPPER,Hindustan Copper Ltd.,Metals & Mining,TOTAL_MARKET
HINDPETRO,Hindustan Petroleum Corporation Ltd.,Oil Gas & Consumable Fuels,TOTAL_MARKET
HINDUNILVR,Hindustan Unilever Ltd.,Fast Moving Consumer Goods,TOTAL_MARKET
HINDZINC,Hindustan Zinc Ltd.,Metals & Mining,TOTAL_MARKET
POWERINDIA,Hitachi Energy India Ltd.,Capital Goods,TOTAL_MARKET
HOMEFIRST,Home First Finance Company India Ltd.,Financial Services,TOTAL_MARKET
HONASA,Honasa Consumer Ltd.,Fast Moving Consumer Goods,TOTAL_MARKET
HONAUT,Honeywell Automation India Ltd.,Capital Goods,TOTAL_MARKET
HUDCO,Housing & Urban Development Corporation Ltd.,Financial Services,TOTAL_MARKET
HYUNDAI,Hyundai Motor India Ltd.,Automobile and Auto Components,TOTAL_MARKET
ICICIBANK,ICICI Bank Ltd.,Financial Services,TOTAL_MARKET
ICICIGI,ICICI Lombard General Insurance Company Ltd.,Financial Services,TOTAL_MARKET
ICICIAMC,ICICI Prudential Asset Management Company Ltd.,Financial Services,TOTAL_MARKET
ICICIPRULI,ICICI Prudential Life Insurance Company Ltd.,Financial Services,TOTAL_MARKET
IDBI,IDBI Bank Ltd.,Financial Services,TOTAL_MARKET
IDFCFIRSTB,IDFC First Bank Ltd.,Financial Services,TOTAL_MARKET
IFBIND,IFB Industries Ltd.,Consumer Durables,TOTAL_MARKET
IFCI,IFCI Ltd.,Financial Services,TOTAL_MARKET
IIFLCAPS,IIFL Capital Services Ltd.,Financial Services,TOTAL_MARKET
IIFL,IIFL Finance Ltd.,Financial Services,TOTAL_MARKET
INOXINDIA,INOX India Ltd.,Capital Goods,TOTAL_MARKET
IRB,IRB Infrastructure Developers Ltd.,Construction,TOTAL_MARKET
IRCON,IRCON International Ltd.,Construction,TOTAL_MARKET
ITCHOTELS,ITC Hotels Ltd.,Consumer Services,TOTAL_MARKET
ITC,ITC Ltd.,Fast Moving Consumer Goods,TOTAL_MARKET
ITI,ITI Ltd.,Telecommunication,TOTAL_MARKET
INDGN,Indegene Ltd.,Healthcare,TOTAL_MARKET
INDIACEM,India Cements Ltd.,Construction Materials,TOTAL_MARKET
INDIAGLYCO,India Glycols Ltd.,Fast Moving Consumer Goods,TOTAL_MARKET
INDIAMART,Indiamart Intermesh Ltd.,Consumer Services,TOTAL_MARKET
INDIANB,Indian Bank,Financial Services,TOTAL_MARKET
IEX,Indian Energy Exchange Ltd.,Financial Services,TOTAL_MARKET
INDHOTEL,Indian Hotels Co. Ltd.,Consumer Services,TOTAL_MARKET
IMFA,Indian Metals & Ferro Alloys Ltd.,Metals & Mining,TOTAL_MARKET
IOC,Indian Oil Corporation Ltd.,Oil Gas & Consumable Fuels,TOTAL_MARKET
IOB,Indian Overseas Bank,Financial Services,TOTAL_MARKET
IRCTC,Indian Railway Catering And Tourism Corporation Ltd.,Consumer Services,TOTAL_MARKET
IRFC,Indian Railway Finance Corporation Ltd.,Financial Services,TOTAL_MARKET
IREDA,Indian Renewable Energy Development Agency Ltd.,Financial Services,TOTAL_MARKET
INDIGOPNTS,Indigo Paints Ltd.,Consumer Durables,TOTAL_MARKET
ICIL,Indo Count Industries Ltd.,Textiles,TOTAL_MARKET
IGL,Indraprastha Gas Ltd.,Oil Gas & Consumable Fuels,TOTAL_MARKET
INDUSTOWER,Indus Towers Ltd.,Telecommunication,TOTAL_MARKET
INDUSINDBK,IndusInd Bank Ltd.,Financial Services,TOTAL_MARKET
NAUKRI,Info Edge (India) Ltd.,Consumer Services,TOTAL_MARKET
INFY,Infosys Ltd.,Information Technology,TOTAL_MARKET
INOXWIND,Inox Wind Ltd.,Capital Goods,TOTAL_MARKET
INTELLECT,Intellect Design Arena Ltd.,Information Technology,TOTAL_MARKET
INDIGO,InterGlobe Aviation Ltd.,Services,TOTAL_MARKET
IGIL,International Gemological Institute Ltd.,Services,TOTAL_MARKET
IKS,Inventurus Knowledge Solutions Ltd.,Information Technology,TOTAL_MARKET
IONEXCHANG,Ion Exchange (India) Ltd.,Utilities,TOTAL_MARKET
IPCALAB,Ipca Laboratories Ltd.,Healthcare,TOTAL_MARKET
JKCEMENT,J.K. Cement Ltd.,Construction Materials,TOTAL_MARKET
JAIBALAJI,JAI BALAJI INDUSTRIES Ltd.,Metals & Mining,TOTAL_MARKET
JBMA,JBM Auto Ltd.,Automobile and Auto Components,TOTAL_MARKET
JKPAPER,JK Paper Ltd.,Forest Materials,TOTAL_MARKET
JKTYRE,JK Tyre & Industries Ltd.,Automobile and Auto Components,TOTAL_MARKET
JMFINANCIL,JM Financial Ltd.,Financial Services,TOTAL_MARKET
JSWCEMENT,JSW Cement Ltd.,Construction Materials,TOTAL_MARKET
JSWENERGY,JSW Energy Ltd.,Power,TOTAL_MARKET
JSWINFRA,JSW Infrastructure Ltd.,Services,TOTAL_MARKET
JSWSTEEL,JSW Steel Ltd.,Metals & Mining,TOTAL_MARKET
JAINREC,Jain Resource Recycling Ltd.,Metals & Mining,TOTAL_MARKET
JPPOWER,Jaiprakash Power Ventures Ltd.,Power,TOTAL_MARKET
J&KBANK,Jammu & Kashmir Bank Ltd.,Financial Services,TOTAL_MARKET
JAMNAAUTO,Jamna Auto Industries Ltd.,Automobile and Auto Components,TOTAL_MARKET
JSFB,Jana Small Finance Bank Ltd.,Financial Services,TOTAL_MARKET
JAYNECOIND,Jayaswal Neco Industries Ltd.,Capital Goods,TOTAL_MARKET
JSLL,Jeena Sikho Lifecare Ltd.,Consumer Services,TOTAL_MARKET
JINDALSAW,Jindal Saw Ltd.,Capital Goods,TOTAL_MARKET
JSL,Jindal Stainless Ltd.,Metals & Mining,TOTAL_MARKET
JINDALSTEL,Jindal Steel Ltd.,Metals & Mining,TOTAL_MARKET
JIOFIN,Jio Financial Services Ltd.,Financial Services,TOTAL_MARKET
JUBLFOOD,Jubilant Foodworks Ltd.,Consumer Services,TOTAL_MARKET
JUBLINGREA,Jubilant Ingrevia Ltd.,Chemicals,TOTAL_MARKET
JUBLPHARMA,Jubilant Pharmova Ltd.,Healthcare,TOTAL_MARKET
JWL,Jupiter Wagons Ltd.,Capital Goods,TOTAL_MARKET
JUSTDIAL,Justdial Ltd.,Consumer Services,TOTAL_MARKET
JYOTHYLAB,Jyothy Labs Ltd.,Fast Moving Consumer Goods,TOTAL_MARKET
JYOTICNC,Jyoti CNC Automation Ltd.,Capital Goods,TOTAL_MARKET
KPRMILL,K.P.R. Mill Ltd.,Textiles,TOTAL_MARKET
KEI,KEI Industries Ltd.,Capital Goods,TOTAL_MARKET
KNRCON,KNR Constructions Ltd.,Construction,TOTAL_MARKET
KPIGREEN,KPI Green Energy Ltd.,Power,TOTAL_MARKET
KPITTECH,KPIT Technologies Ltd.,Information Technology,TOTAL_MARKET
KRBL,KRBL Ltd.,Fast Moving Consumer Goods,TOTAL_MARKET
KRN,KRN HEAT EXCHANGER AND REFRIGERATION Ltd.,Capital Goods,TOTAL_MARKET
KSB,KSB Ltd.,Capital Goods,TOTAL_MARKET
KAJARIACER,Kajaria Ceramics Ltd.,Consumer Durables,TOTAL_MARKET
KPIL,Kalpataru Projects International Ltd.,Construction,TOTAL_MARKET
KALYANKJIL,Kalyan Jewellers India Ltd.,Consumer Durables,TOTAL_MARKET
KANSAINER,Kansai Nerolac Paints Ltd.,Consumer Durables,TOTAL_MARKET
KTKBANK,Karnataka Bank Ltd.,Financial Services,TOTAL_MARKET
KARURVYSYA,Karur Vysya Bank Ltd.,Financial Services,TOTAL_MARKET
KSCL,Kaveri Seed Company Ltd.,Fast Moving Consumer Goods,TOTAL_MARKET
KAYNES,Kaynes Technology India Ltd.,Capital Goods,TOTAL_MARKET
KEC,Kec International Ltd.,Construction,TOTAL_MARKET
KFINTECH,Kfin Technologies Ltd.,Financial Services,TOTAL_MARKET
KIRLOSBROS,Kirloskar Brothers Ltd.,Capital Goods,TOTAL_MARKET
KIRLOSENG,Kirloskar Oil Eng Ltd.,Capital Goods,TOTAL_MARKET
KIRLPNU,Kirloskar Pneumatic Company Ltd.,Capital Goods,TOTAL_MARKET
KITEX,Kitex Garments Ltd.,Textiles,TOTAL_MARKET
KMEW,Knowledge Marine & Engineering Works Ltd.,Services,TOTAL_MARKET
KOTAKBANK,Kotak Mahindra Bank Ltd.,Financial Services,TOTAL_MARKET
KIMS,Krishna Institute of Medical Sciences Ltd.,Healthcare,TOTAL_MARKET
KWIL,Kwality Wall's (India) Ltd.,Fast Moving Consumer Goods,TOTAL_MARKET
LTF,L&T Finance Ltd.,Financial Services,TOTAL_MARKET
LTTS,L&T Technology Services Ltd.,Information Technology,TOTAL_MARKET
LGEINDIA,LG Electronics India Ltd.,Consumer Durables,TOTAL_MARKET
LICHSGFIN,LIC Housing Finance Ltd.,Financial Services,TOTAL_MARKET
LTFOODS,LT Foods Ltd.,Fast Moving Consumer Goods,TOTAL_MARKET
LTM,LTM Ltd.,Information Technology,TOTAL_MARKET
LT,Larsen & Toubro Ltd.,Construction,TOTAL_MARKET
LATENTVIEW,Latent View Analytics Ltd.,Information Technology,TOTAL_MARKET
LAURUSLABS,Laurus Labs Ltd.,Healthcare,TOTAL_MARKET
LXCHEM,Laxmi Organic Industries Ltd.,Chemicals,TOTAL_MARKET
IXIGO,Le Travenues Technology Ltd.,Consumer Services,TOTAL_MARKET
THELEELA,Leela Palaces Hotels & Resorts Ltd.,Consumer Services,TOTAL_MARKET
LEMONTREE,Lemon Tree Hotels Ltd.,Consumer Services,TOTAL_MARKET
LENSKART,Lenskart Solutions Ltd.,Consumer Services,TOTAL_MARKET
LICI,Life Insurance Corporation of India,Financial Services,TOTAL_MARKET
LINDEINDIA,Linde India Ltd.,Chemicals,TOTAL_MARKET
LLOYDSENGG,Lloyds Engineering Works Ltd.,Capital Goods,TOTAL_MARKET
LLOYDSENT,Lloyds Enterprises Ltd.,Metals & Mining,TOTAL_MARKET
LLOYDSME,Lloyds Metals And Energy Ltd.,Metals & Mining,TOTAL_MARKET
LODHA,Lodha Developers Ltd.,Realty,TOTAL_MARKET
LUMAXTECH,Lumax Auto Technologies Ltd.,Automobile and Auto Components,TOTAL_MARKET
LUMAXIND,Lumax Industries Ltd.,Automobile and Auto Components,TOTAL_MARKET
LUPIN,Lupin Ltd.,Healthcare,TOTAL_MARKET
MMTC,MMTC Ltd.,Services,TOTAL_MARKET
MOIL,MOIL Ltd.,Metals & Mining,TOTAL_MARKET
MRF,MRF Ltd.,Automobile and Auto Components,TOTAL_MARKET
MSTCLTD,MSTC Ltd.,Services,TOTAL_MARKET
MTARTECH,MTAR Technologies Ltd.,Capital Goods,TOTAL_MARKET
MBAPL,Madhya Bharat Agro Products Ltd.,Chemicals,TOTAL_MARKET
MGL,Mahanagar Gas Ltd.,Oil Gas & Consumable Fuels,TOTAL_MARKET
M&MFIN,Mahindra & Mahindra Financial Services Ltd.,Financial Services,TOTAL_MARKET
M&M,Mahindra & Mahindra Ltd.,Automobile and Auto Components,TOTAL_MARKET
MANAPPURAM,Manappuram Finance Ltd.,Financial Services,TOTAL_MARKET
MRPL,Mangalore Refinery & Petrochemicals Ltd.,Oil Gas & Consumable Fuels,TOTAL_MARKET
MANKIND,Mankind Pharma Ltd.,Healthcare,TOTAL_MARKET
MANORAMA,Manorama Industries Ltd.,Fast Moving Consumer Goods,TOTAL_MARKET
MARICO,Marico Ltd.,Fast Moving Consumer Goods,TOTAL_MARKET
MARKSANS,Marksans Pharma Ltd.,Healthcare,TOTAL_MARKET
MARUTI,Maruti Suzuki India Ltd.,Automobile and Auto Components,TOTAL_MARKET
MASTEK,Mastek Ltd.,Information Technology,TOTAL_MARKET
MFSL,Max Financial Services Ltd.,Financial Services,TOTAL_MARKET
MAXHEALTH,Max Healthcare Institute Ltd.,Healthcare,TOTAL_MARKET
MAZDOCK,Mazagoan Dock Shipbuilders Ltd.,Capital Goods,TOTAL_MARKET
MEDPLUS,Medplus Health Services Ltd.,Consumer Services,TOTAL_MARKET
MEESHO,Meesho Ltd.,Consumer Services,TOTAL_MARKET
METROPOLIS,Metropolis Healthcare Ltd.,Healthcare,TOTAL_MARKET
MINDACORP,Minda Corporation Ltd.,Automobile and Auto Components,TOTAL_MARKET
MIDHANI,Mishra Dhatu Nigam Ltd.,Capital Goods,TOTAL_MARKET
MSUMI,Motherson Sumi Wiring India Ltd.,Automobile and Auto Components,TOTAL_MARKET
MOTILALOFS,Motilal Oswal Financial Services Ltd.,Financial Services,TOTAL_MARKET
MPHASIS,MphasiS Ltd.,Information Technology,TOTAL_MARKET
BECTORFOOD,Mrs. Bectors Food Specialities Ltd.,Fast Moving Consumer Goods,TOTAL_MARKET
MCX,Multi Commodity Exchange of India Ltd.,Financial Services,TOTAL_MARKET
MUTHOOTFIN,Muthoot Finance Ltd.,Financial Services,TOTAL_MARKET
NATCOPHARM,NATCO Pharma Ltd.,Healthcare,TOTAL_MARKET
NBCC,NBCC (India) Ltd.,Construction,TOTAL_MARKET
NCC,NCC Ltd.,Construction,TOTAL_MARKET
NEOGEN,NEOGEN CHEMICALS LTD.,Chemicals,TOTAL_MARKET
NHPC,NHPC Ltd.,Power,TOTAL_MARKET
NLCINDIA,NLC India Ltd.,Power,TOTAL_MARKET
NMDC,NMDC Ltd.,Metals & Mining,TOTAL_MARKET
NSLNISP,NMDC Steel Ltd.,Metals & Mining,TOTAL_MARKET
NTPCGREEN,NTPC Green Energy Ltd.,Power,TOTAL_MARKET
NTPC,NTPC Ltd.,Power,TOTAL_MARKET
NH,Narayana Hrudayalaya Ltd.,Healthcare,TOTAL_MARKET
NATIONALUM,National Aluminium Co. Ltd.,Metals & Mining,TOTAL_MARKET
NFL,National Fertilizers Ltd.,Chemicals,TOTAL_MARKET
NAVA,Nava Ltd.,Power,TOTAL_MARKET
NAVINFLUOR,Navin Fluorine International Ltd.,Chemicals,TOTAL_MARKET
NAZARA,Nazara Technologies Ltd.,Media Entertainment & Publication,TOTAL_MARKET
NEPHROPLUS,Nephrocare Health Services Ltd.,Healthcare,TOTAL_MARKET
NESTLEIND,Nestle India Ltd.,Fast Moving Consumer Goods,TOTAL_MARKET
NETWEB,Netweb Technologies India Ltd.,Information Technology,TOTAL_MARKET
NETWORK18,Network18 Media & Investments Ltd.,Media Entertainment & Publication,TOTAL_MARKET
NEULANDLAB,Neuland Laboratories Ltd.,Healthcare,TOTAL_MARKET
NEWGEN,Newgen Software Technologies Ltd.,Information Technology,TOTAL_MARKET
NAM-INDIA,Nippon Life India Asset Management Ltd.,Financial Services,TOTAL_MARKET
NIVABUPA,Niva Bupa Health Insurance Company Ltd.,Financial Services,TOTAL_MARKET
NORTHARC,Northern Arc Capital Ltd.,Financial Services,TOTAL_MARKET
NUVAMA,Nuvama Wealth Management Ltd.,Financial Services,TOTAL_MARKET
NUVOCO,Nuvoco Vistas Corporation Ltd.,Construction Materials,TOTAL_MARKET
OBEROIRLTY,Oberoi Realty Ltd.,Realty,TOTAL_MARKET
ONGC,Oil & Natural Gas Corporation Ltd.,Oil Gas & Consumable Fuels,TOTAL_MARKET
OIL,Oil India Ltd.,Oil Gas & Consumable Fuels,TOTAL_MARKET
OLAELEC,Ola Electric Mobility Ltd.,Automobile and Auto Components,TOTAL_MARKET
OLECTRA,Olectra Greentech Ltd.,Automobile and Auto Components,TOTAL_MARKET
OMNI,Omnitech Engineering Ltd.,Capital Goods,TOTAL_MARKET
KISSHT,OnEMI Technology Solutions Ltd.,Financial Services,TOTAL_MARKET
PAYTM,One 97 Communications Ltd.,Financial Services,TOTAL_MARKET
ONESOURCE,Onesource Specialty Pharma Ltd.,Healthcare,TOTAL_MARKET
OFSS,Oracle Financial Services Software Ltd.,Information Technology,TOTAL_MARKET
OSWALPUMPS,Oswal Pumps Ltd.,Capital Goods,TOTAL_MARKET
PNGJL,P N Gadgil Jewellers Ltd.,Consumer Durables,TOTAL_MARKET
POLICYBZR,PB Fintech Ltd.,Financial Services,TOTAL_MARKET
PCJEWELLER,PC Jeweller Ltd.,Consumer Durables,TOTAL_MARKET
PCBL,PCBL Chemical Ltd.,Chemicals,TOTAL_MARKET
PDSL,PDS Ltd.,Textiles,TOTAL_MARKET
PGEL,PG Electroplast Ltd.,Consumer Durables,TOTAL_MARKET
PIIND,PI Industries Ltd.,Chemicals,TOTAL_MARKET
PNBHOUSING,PNB Housing Finance Ltd.,Financial Services,TOTAL_MARKET
PNCINFRA,PNC Infratech Ltd.,Construction,TOTAL_MARKET
PTC,PTC India Ltd.,Power,TOTAL_MARKET
PTCIL,PTC Industries Ltd.,Capital Goods,TOTAL_MARKET
PVRINOX,PVR INOX Ltd.,Media Entertainment & Publication,TOTAL_MARKET
PAGEIND,Page Industries Ltd.,Textiles,TOTAL_MARKET
PAISALO,Paisalo Digital Ltd.,Financial Services,TOTAL_MARKET
PARADEEP,Paradeep Phosphates Ltd.,Chemicals,TOTAL_MARKET
PARAS,Paras Defence and Space Technologies Ltd.,Capital Goods,TOTAL_MARKET
PARKHOSPS,Park Medi World Ltd.,Healthcare,TOTAL_MARKET
PATANJALI,Patanjali Foods Ltd.,Fast Moving Consumer Goods,TOTAL_MARKET
PGIL,Pearl Global Industries Ltd.,Textiles,TOTAL_MARKET
PERSISTENT,Persistent Systems Ltd.,Information Technology,TOTAL_MARKET
PETRONET,Petronet LNG Ltd.,Oil Gas & Consumable Fuels,TOTAL_MARKET
PHOENIXLTD,Phoenix Mills Ltd.,Realty,TOTAL_MARKET
PWL,Physicswallah Ltd.,Consumer Services,TOTAL_MARKET
PICCADIL,Piccadily Agro Industries Ltd.,Fast Moving Consumer Goods,TOTAL_MARKET
PIDILITIND,Pidilite Industries Ltd.,Chemicals,TOTAL_MARKET
PINELABS,Pine Labs Ltd.,Financial Services,TOTAL_MARKET
PIRAMALFIN,Piramal Finance Ltd.,Financial Services,TOTAL_MARKET
PPLPHARMA,Piramal Pharma Ltd.,Healthcare,TOTAL_MARKET
POLYMED,Poly Medicure Ltd.,Healthcare,TOTAL_MARKET
POLYCAB,Polycab India Ltd.,Capital Goods,TOTAL_MARKET
POONAWALLA,Poonawalla Fincorp Ltd.,Financial Services,TOTAL_MARKET
PFC,Power Finance Corporation Ltd.,Financial Services,TOTAL_MARKET
POWERGRID,Power Grid Corporation of India Ltd.,Power,TOTAL_MARKET
POWERMECH,Power Mech Projects Ltd.,Construction,TOTAL_MARKET
POWERICA,Powerica Ltd.,Capital Goods,TOTAL_MARKET
PRAJIND,Praj Industries Ltd.,Capital Goods,TOTAL_MARKET
PRECWIRE,Precision Wires India Ltd.,Capital Goods,TOTAL_MARKET
PREMIERENE,Premier Energies Ltd.,Capital Goods,TOTAL_MARKET
PRESTIGE,Prestige Estates Projects Ltd.,Realty,TOTAL_MARKET
PRICOLLTD,Pricol Ltd.,Automobile and Auto Components,TOTAL_MARKET
PFOCUS,Prime Focus Ltd.,Media Entertainment & Publication,TOTAL_MARKET
PRIVISCL,Privi Speciality Chemicals Ltd.,Chemicals,TOTAL_MARKET
PGHL,Procter & Gamble Health Ltd.,Healthcare,TOTAL_MARKET
PNB,Punjab National Bank,Financial Services,TOTAL_MARKET
PURVA,Puravankara Ltd.,Realty,TOTAL_MARKET
QPOWER,QUALITY POWER ELECTRICAL EQUIPMENTS Ltd.,Capital Goods,TOTAL_MARKET
QUESS,Quess Corp Ltd.,Services,TOTAL_MARKET
RRKABEL,R R Kabel Ltd.,Capital Goods,TOTAL_MARKET
RBLBANK,RBL Bank Ltd.,Financial Services,TOTAL_MARKET
RECLTD,REC Ltd.,Financial Services,TOTAL_MARKET
RHIM,RHI MAGNESITA INDIA LTD.,Capital Goods,TOTAL_MARKET
RITES,RITES Ltd.,Construction,TOTAL_MARKET
RADICO,Radico Khaitan Ltd,Fast Moving Consumer Goods,TOTAL_MARKET
RVNL,Rail Vikas Nigam Ltd.,Construction,TOTAL_MARKET
RAILTEL,Railtel Corporation Of India Ltd.,Telecommunication,TOTAL_MARKET
RAIN,Rain Industries Ltd,Chemicals,TOTAL_MARKET
RAINBOW,Rainbow Childrens Medicare Ltd.,Healthcare,TOTAL_MARKET
RALLIS,Rallis India Ltd.,Chemicals,TOTAL_MARKET
RKFORGE,Ramkrishna Forgings Ltd.,Automobile and Auto Components,TOTAL_MARKET
RCF,Rashtriya Chemicals & Fertilizers Ltd.,Chemicals,TOTAL_MARKET
RATEGAIN,Rategain Travel Technologies Ltd.,Information Technology,TOTAL_MARKET
RATNAMANI,Ratnamani Metals & Tubes Ltd.,Capital Goods,TOTAL_MARKET
RTNPOWER,RattanIndia Power Ltd.,Power,TOTAL_MARKET
RAYMONDLSL,Raymond Lifestyle Ltd.,Textiles,TOTAL_MARKET
REDINGTON,Redington Ltd.,Services,TOTAL_MARKET
REFEX,Refex Industries Ltd.,Utilities,TOTAL_MARKET
RELAXO,Relaxo Footwears Ltd.,Consumer Durables,TOTAL_MARKET
RELIANCE,Reliance Industries Ltd.,Oil Gas & Consumable Fuels,TOTAL_MARKET
RPOWER,Reliance Power Ltd.,Power,TOTAL_MARKET
RELIGARE,Religare Enterprises Ltd.,Financial Services,TOTAL_MARKET
RESPONIND,Responsive Industries Ltd.,Consumer Durables,TOTAL_MARKET
RBA,Restaurant Brands Asia Ltd.,Consumer Services,TOTAL_MARKET
ROUTE,Route Mobile Ltd.,Telecommunication,TOTAL_MARKET
RUBICON,Rubicon Research Ltd.,Healthcare,TOTAL_MARKET
SJS,S.J.S. Enterprises Ltd.,Automobile and Auto Components,TOTAL_MARKET
SBFC,SBFC Finance Ltd.,Financial Services,TOTAL_MARKET
SBICARD,SBI Cards and Payment Services Ltd.,Financial Services,TOTAL_MARKET
SBILIFE,SBI Life Insurance Company Ltd.,Financial Services,TOTAL_MARKET
SEDEMAC,SEDEMAC Mechatronics Ltd.,Automobile and Auto Components,TOTAL_MARKET
SGMART,SG Mart Ltd.,Metals & Mining,TOTAL_MARKET
SIGMAADV,SIGMA ADVANCED SYSTEMS LTD.,Capital Goods,TOTAL_MARKET
SJVN,SJVN Ltd.,Power,TOTAL_MARKET
SKYGOLD,SKY GOLD AND DIAMONDS Ltd.,Consumer Durables,TOTAL_MARKET
SMLMAH,SML Mahindra Ltd.,Capital Goods,TOTAL_MARKET
SHRIPISTON,SPR Auto Technologies Ltd.,Automobile and Auto Components,TOTAL_MARKET
SRF,SRF Ltd.,Chemicals,TOTAL_MARKET
LOTUSDEV,SRI LOTUS DEVELOPERS AND REALTY Ltd.,Realty,TOTAL_MARKET
SAFARI,Safari Industries (India) Ltd.,Consumer Durables,TOTAL_MARKET
SAGILITY,Sagility Ltd.,Information Technology,TOTAL_MARKET
SAILIFE,Sai Life Sciences Ltd.,Healthcare,TOTAL_MARKET
SAMHI,Samhi Hotels Ltd.,Consumer Services,TOTAL_MARKET
SAMMAANCAP,Sammaan Capital Ltd.,Financial Services,TOTAL_MARKET
MOTHERSON,Samvardhana Motherson International Ltd.,Automobile and Auto Components,TOTAL_MARKET
SANDUMA,Sandur Manganese & Iron Ores Ltd.,Metals & Mining,TOTAL_MARKET
SANSERA,Sansera Engineering Ltd.,Automobile and Auto Components,TOTAL_MARKET
SAPPHIRE,Sapphire Foods India Ltd.,Consumer Services,TOTAL_MARKET
SARDAEN,Sarda Energy and Minerals Ltd.,Metals & Mining,TOTAL_MARKET
SAREGAMA,Saregama India Ltd,Media Entertainment & Publication,TOTAL_MARKET
SCHAEFFLER,Schaeffler India Ltd.,Automobile and Auto Components,TOTAL_MARKET
SCHNEIDER,Schneider Electric Infrastructure Ltd.,Capital Goods,TOTAL_MARKET
SENCO,Senco Gold Ltd.,Consumer Durables,TOTAL_MARKET
SENORES,Senores Pharmaceuticals Ltd.,Healthcare,TOTAL_MARKET
SHADOWFAX,Shadowfax Technologies Ltd.,Services,TOTAL_MARKET
SHAILY,Shaily Engineering Plastics Ltd.,Consumer Durables,TOTAL_MARKET
SHAKTIPUMP,Shakti Pumps (India) Ltd.,Capital Goods,TOTAL_MARKET
SHARDACROP,Sharda Cropchem Ltd.,Chemicals,TOTAL_MARKET
SHAREINDIA,Share India Securities Ltd.,Financial Services,TOTAL_MARKET
SFL,Sheela Foam Ltd.,Consumer Durables,TOTAL_MARKET
SHILCTECH,Shilchar Technologies Ltd.,Capital Goods,TOTAL_MARKET
SHILPAMED,Shilpa Medicare Ltd.,Healthcare,TOTAL_MARKET
SCI,Shipping Corporation of India Ltd.,Services,TOTAL_MARKET
SHREECEM,Shree Cement Ltd.,Construction Materials,TOTAL_MARKET
RENUKA,Shree Renuka Sugars Ltd.,Fast Moving Consumer Goods,TOTAL_MARKET
SHREEJISPG,Shreeji Shipping Global Ltd.,Services,TOTAL_MARKET
SHRIRAMFIN,Shriram Finance Ltd.,Financial Services,TOTAL_MARKET
SHYAMMETL,Shyam Metalics and Energy Ltd.,Capital Goods,TOTAL_MARKET
ENRIN,Siemens Energy India Ltd.,Capital Goods,TOTAL_MARKET
SIEMENS,Siemens Ltd.,Capital Goods,TOTAL_MARKET
SIGNATURE,Signatureglobal (India) Ltd.,Realty,TOTAL_MARKET
SKIPPER,Skipper Ltd.,Capital Goods,TOTAL_MARKET
SOBHA,Sobha Ltd.,Realty,TOTAL_MARKET
SOLARINDS,Solar Industries India Ltd.,Chemicals,TOTAL_MARKET
SONACOMS,Sona BLW Precision Forgings Ltd.,Automobile and Auto Components,TOTAL_MARKET
SONATSOFTW,Sonata Software Ltd.,Information Technology,TOTAL_MARKET
SOUTHBANK,South Indian Bank Ltd.,Financial Services,TOTAL_MARKET
STARHEALTH,Star Health and Allied Insurance Company Ltd.,Financial Services,TOTAL_MARKET
SBIN,State Bank of India,Financial Services,TOTAL_MARKET
SAIL,Steel Authority of India Ltd.,Metals & Mining,TOTAL_MARKET
SWSOLAR,Sterling and Wilson Renewable Energy Ltd.,Construction,TOTAL_MARKET
STLTECH,Sterlite Technologies Ltd.,Telecommunication,TOTAL_MARKET
STAR,Strides Pharma Science Ltd.,Healthcare,TOTAL_MARKET
STYLAMIND,Stylam Industries Ltd.,Consumer Durables,TOTAL_MARKET
SUBROS,Subros Ltd.,Capital Goods,TOTAL_MARKET
SUDARSCHEM,Sudarshan Chemical Industries Ltd.,Chemicals,TOTAL_MARKET
SUDEEPPHRM,Sudeep Pharma Ltd.,Chemicals,TOTAL_MARKET
SUMICHEM,Sumitomo Chemical India Ltd.,Chemicals,TOTAL_MARKET
SPARC,Sun Pharma Advanced Research Company Ltd.,Healthcare,TOTAL_MARKET
SUNPHARMA,Sun Pharmaceutical Industries Ltd.,Healthcare,TOTAL_MARKET
SUNTV,Sun TV Network Ltd.,Media Entertainment & Publication,TOTAL_MARKET
SUNDARMFIN,Sundaram Finance Ltd.,Financial Services,TOTAL_MARKET
SUNDRMFAST,Sundram Fasteners Ltd.,Automobile and Auto Components,TOTAL_MARKET
SUNFLAG,Sunflag Iron & Steel Company Ltd.,Capital Goods,TOTAL_MARKET
SUNTECK,Sunteck Realty Ltd.,Realty,TOTAL_MARKET
SUPREMEIND,Supreme Industries Ltd.,Capital Goods,TOTAL_MARKET
SPLPETRO,Supreme Petrochem Ltd.,Chemicals,TOTAL_MARKET
SUPRIYA,Supriya Lifescience Ltd.,Healthcare,TOTAL_MARKET
SURYAROSNI,Surya Roshni Ltd.,Capital Goods,TOTAL_MARKET
SUVEN,Suven Life Sciences Ltd.,Healthcare,TOTAL_MARKET
SUZLON,Suzlon Energy Ltd.,Capital Goods,TOTAL_MARKET
SWANCORP,Swan Corp Ltd.,Chemicals,TOTAL_MARKET
SWIGGY,Swiggy Ltd.,Consumer Services,TOTAL_MARKET
SYNGENE,Syngene International Ltd.,Healthcare,TOTAL_MARKET
SYRMA,Syrma SGS Technology Ltd.,Capital Goods,TOTAL_MARKET
TARC,TARC Ltd.,Realty,TOTAL_MARKET
TBOTEK,TBO Tek Ltd.,Consumer Services,TOTAL_MARKET
TDPOWERSYS,TD Power Systems Ltd.,Capital Goods,TOTAL_MARKET
TTKPRESTIG,TTK Prestige Ltd.,Consumer Durables,TOTAL_MARKET
TVSMOTOR,TVS Motor Company Ltd.,Automobile and Auto Components,TOTAL_MARKET
TVSSCS,TVS Supply Chain Solutions Ltd.,Services,TOTAL_MARKET
TMB,Tamilnad Mercantile Bank Ltd.,Financial Services,TOTAL_MARKET
TANLA,Tanla Platforms Ltd.,Information Technology,TOTAL_MARKET
TATACAP,Tata Capital Ltd.,Financial Services,TOTAL_MARKET
TATACHEM,Tata Chemicals Ltd.,Chemicals,TOTAL_MARKET
TATACOMM,Tata Communications Ltd.,Telecommunication,TOTAL_MARKET
TCS,Tata Consultancy Services Ltd.,Information Technology,TOTAL_MARKET
TATACONSUM,Tata Consumer Products Ltd.,Fast Moving Consumer Goods,TOTAL_MARKET
TATAELXSI,Tata Elxsi Ltd.,Information Technology,TOTAL_MARKET
TATAINVEST,Tata Investment Corporation Ltd.,Financial Services,TOTAL_MARKET
TMCV,Tata Motors Ltd.,Capital Goods,TOTAL_MARKET
TMPV,Tata Motors Passenger Vehicles Ltd.,Automobile and Auto Components,TOTAL_MARKET
TATAPOWER,Tata Power Co. Ltd.,Power,TOTAL_MARKET
TATASTEEL,Tata Steel Ltd.,Metals & Mining,TOTAL_MARKET
TATATECH,Tata Technologies Ltd.,Information Technology,TOTAL_MARKET
TTML,Tata Teleservices (Maharashtra) Ltd.,Telecommunication,TOTAL_MARKET
TECHM,Tech Mahindra Ltd.,Information Technology,TOTAL_MARKET
TECHNOE,Techno Electric & Engineering Company Ltd.,Construction,TOTAL_MARKET
TEGA,Tega Industries Ltd.,Capital Goods,TOTAL_MARKET
TEJASNET,Tejas Networks Ltd.,Telecommunication,TOTAL_MARKET
TENNIND,Tenneco Clean Air India Ltd.,Automobile and Auto Components,TOTAL_MARKET
TEXRAIL,Texmaco Rail & Eng. Ltd.,Capital Goods,TOTAL_MARKET
THANGAMAYL,Thangamayil Jewellery Ltd.,Consumer Durables,TOTAL_MARKET
NIACL,The New India Assurance Company Ltd.,Financial Services,TOTAL_MARKET
RAMCOCEM,The Ramco Cements Ltd.,Construction Materials,TOTAL_MARKET
THERMAX,Thermax Ltd.,Capital Goods,TOTAL_MARKET
THOMASCOOK,Thomas Cook (India) Ltd.,Consumer Services,TOTAL_MARKET
THYROCARE,Thyrocare Technologies Ltd.,Healthcare,TOTAL_MARKET
TI,Tilaknagar Industries Ltd.,Fast Moving Consumer Goods,TOTAL_MARKET
TIMETECHNO,Time Technoplast Ltd.,Capital Goods,TOTAL_MARKET
TIMEX,Timex Group India Ltd.,Consumer Durables,TOTAL_MARKET
TIMKEN,Timken India Ltd.,Capital Goods,TOTAL_MARKET
TIPSMUSIC,Tips Music Ltd.,Media Entertainment & Publication,TOTAL_MARKET
TITAGARH,Titagarh Rail Systems Ltd.,Capital Goods,TOTAL_MARKET
TITAN,Titan Company Ltd.,Consumer Durables,TOTAL_MARKET
TORNTPHARM,Torrent Pharmaceuticals Ltd.,Healthcare,TOTAL_MARKET
TORNTPOWER,Torrent Power Ltd.,Power,TOTAL_MARKET
TARIL,Transformers And Rectifiers (India) Ltd.,Capital Goods,TOTAL_MARKET
TRANSRAILL,Transrail Lighting Ltd.,Capital Goods,TOTAL_MARKET
TRENT,Trent Ltd.,Consumer Services,TOTAL_MARKET
TRIDENT,Trident Ltd.,Textiles,TOTAL_MARKET
TRITURBINE,Triveni Turbine Ltd.,Capital Goods,TOTAL_MARKET
TIINDIA,Tube Investments of India Ltd.,Automobile and Auto Components,TOTAL_MARKET
UCOBANK,UCO Bank,Financial Services,TOTAL_MARKET
UNOMINDA,UNO Minda Ltd.,Automobile and Auto Components,TOTAL_MARKET
UPL,UPL Ltd.,Chemicals,TOTAL_MARKET
UTIAMC,UTI Asset Management Company Ltd.,Financial Services,TOTAL_MARKET
UJJIVANSFB,Ujjivan Small Finance Bank Ltd.,Financial Services,TOTAL_MARKET
ULTRACEMCO,UltraTech Cement Ltd.,Construction Materials,TOTAL_MARKET
UNIMECH,Unimech Aerospace and Manufacturing Ltd.,Capital Goods,TOTAL_MARKET
UNIONBANK,Union Bank of India,Financial Services,TOTAL_MARKET
UBL,United Breweries Ltd.,Fast Moving Consumer Goods,TOTAL_MARKET
UNITDSPR,United Spirits Ltd.,Fast Moving Consumer Goods,TOTAL_MARKET
URBANCO,Urban Company Ltd.,Consumer Services,TOTAL_MARKET
USHAMART,Usha Martin Ltd.,Capital Goods,TOTAL_MARKET
VGUARD,V-Guard Industries Ltd.,Consumer Durables,TOTAL_MARKET
VMART,V-Mart Retail Ltd.,Consumer Services,TOTAL_MARKET
VIPIND,V.I.P. Industries Ltd.,Consumer Durables,TOTAL_MARKET
V2RETAIL,V2 Retail Ltd.,Consumer Services,TOTAL_MARKET
DBREALTY,VALOR ESTATE Ltd.,Realty,TOTAL_MARKET
WABAG,Va Tech Wabag Ltd.,Utilities,TOTAL_MARKET
VAIBHAVGBL,Vaibhav Global Ltd.,Consumer Durables,TOTAL_MARKET
VTL,Vardhman Textiles Ltd.,Textiles,TOTAL_MARKET
VBL,Varun Beverages Ltd.,Fast Moving Consumer Goods,TOTAL_MARKET
MANYAVAR,Vedant Fashions Ltd.,Consumer Services,TOTAL_MARKET
VAML,Vedanta Aluminium Metal Ltd.,Metals & Mining,TOTAL_MARKET
VISL,Vedanta Iron and Steel Ltd.,Metals & Mining,TOTAL_MARKET
VEDL,Vedanta Ltd.,Metals & Mining,TOTAL_MARKET
VOGL,Vedanta Oil and Gas Ltd.,Oil Gas & Consumable Fuels,TOTAL_MARKET
VEDPOWER,Vedanta Power Ltd.,Power,TOTAL_MARKET
VESUVIUS,Vesuvius India Ltd.,Capital Goods,TOTAL_MARKET
VIJAYA,Vijaya Diagnostic Centre Ltd.,Healthcare,TOTAL_MARKET
VIKRAMSOLR,Vikram Solar Ltd.,Capital Goods,TOTAL_MARKET
VMM,Vishal Mega Mart Ltd.,Consumer Services,TOTAL_MARKET
VIYASH,Viyash Scientific Ltd.,Healthcare,TOTAL_MARKET
IDEA,Vodafone Idea Ltd.,Telecommunication,TOTAL_MARKET
VOLTAMP,Voltamp Transformers Ltd,Capital Goods,TOTAL_MARKET
VOLTAS,Voltas Ltd.,Consumer Durables,TOTAL_MARKET
WAAREEENER,Waaree Energies Ltd.,Capital Goods,TOTAL_MARKET
WAAREERTL,Waaree Renewable Technologies Ltd.,Capital Goods,TOTAL_MARKET
WAKEFIT,Wakefit Innovations Ltd.,Consumer Durables,TOTAL_MARKET
WEWORK,WeWork India Management Ltd.,Services,TOTAL_MARKET
WEBELSOLAR,Websol Energy System Ltd.,Capital Goods,TOTAL_MARKET
WELCORP,Welspun Corp Ltd.,Capital Goods,TOTAL_MARKET
WELENT,Welspun Enterprises Ltd.,Construction,TOTAL_MARKET
WELSPUNLIV,Welspun Living Ltd.,Textiles,TOTAL_MARKET
WESTLIFE,Westlife Foodworld Ltd.,Consumer Services,TOTAL_MARKET
WHIRLPOOL,Whirlpool of India Ltd.,Consumer Durables,TOTAL_MARKET
WIPRO,Wipro Ltd.,Information Technology,TOTAL_MARKET
WOCKPHARMA,Wockhardt Ltd.,Healthcare,TOTAL_MARKET
YATHARTH,Yatharth Hospital & Trauma Care Services Ltd.,Healthcare,TOTAL_MARKET
YESBANK,Yes Bank Ltd.,Financial Services,TOTAL_MARKET
ZFCVINDIA,ZF Commercial Vehicle Control Systems India Ltd.,Automobile and Auto Components,TOTAL_MARKET
ZAGGLE,Zaggle Prepaid Ocean Services Ltd.,Information Technology,TOTAL_MARKET
ZEEL,Zee Entertainment Enterprises Ltd.,Media Entertainment & Publication,TOTAL_MARKET
ZENTEC,Zen Technologies Ltd.,Capital Goods,TOTAL_MARKET
ZENSARTECH,Zensar Technolgies Ltd.,Information Technology,TOTAL_MARKET
ZYDUSLIFE,Zydus Lifesciences Ltd.,Healthcare,TOTAL_MARKET
ZYDUSWELL,Zydus Wellness Ltd.,Fast Moving Consumer Goods,TOTAL_MARKET
ECLERX,eClerx Services Ltd.,Services,TOTAL_MARKET
ADFFOODS,ADF Foods Limited,Fast Moving Consumer Goods,NSE_EXPANDED
AHCL,Anlon Healthcare Limited,Healthcare,NSE_EXPANDED
ALICON,Alicon Castalloy Limited,Automobile and Auto Components,NSE_EXPANDED
BHAGERIA,Bhageria Industries Limited,Chemicals,NSE_EXPANDED
BIRLACABLE,Birla Cable Limited,Telecommunication,NSE_EXPANDED
DIFFNKG,Diffusion Engineers Limited,Capital Goods,NSE_EXPANDED
DPABHUSHAN,D. P. Abhushan Limited,Consumer Durables,NSE_EXPANDED
FILATEX,Filatex India Limited,Textiles,NSE_EXPANDED
INDORAMA,Indo Rama Synthetics (India) Limited,Textiles,NSE_EXPANDED
INDSWFTLAB,Ind-Swift Laboratories Limited,Healthcare,NSE_EXPANDED
ISGEC,Isgec Heavy Engineering Limited,Capital Goods,NSE_EXPANDED
JAYBARMARU,Jay Bharat Maruti Limited,Automobile and Auto Components,NSE_EXPANDED
LOKESHMACH,Lokesh Machines Limited,Capital Goods,NSE_EXPANDED
MANINDS,Man Industries (India) Limited,Metals & Mining,NSE_EXPANDED
MARINE,Marine Electricals (India) Limited,Capital Goods,NSE_EXPANDED
MMP,MMP Industries Limited,Metals & Mining,NSE_EXPANDED
MOREPENLAB,Morepen Laboratories Limited,Healthcare,NSE_EXPANDED
NRAIL,N R Agarwal Industries Limited,Forest Materials,NSE_EXPANDED
RAMRAT,Ram Ratna Wires Limited,Capital Goods,NSE_EXPANDED
RATNAVEER,Ratnaveer Precision Engineering Limited,Capital Goods,NSE_EXPANDED
RAYMOND,Raymond Limited,Textiles,NSE_EXPANDED
ROSSTECH,Rossell Techsys Limited,Capital Goods,NSE_EXPANDED
SALSTEEL,S.A.L. Steel Limited,Metals & Mining,NSE_EXPANDED
STLNETWORK,STL Networks Limited,Telecommunication,NSE_EXPANDED
SYNCOMF,Syncom Formulations (India) Limited,Healthcare,NSE_EXPANDED
VALIANTORG,Valiant Organics Limited,Chemicals,NSE_EXPANDED
VENUSREM,Venus Remedies Limited,Healthcare,NSE_EXPANDED
WHEELS,Wheels India Limited,Automobile and Auto Components,NSE_EXPANDED
